<?xml version="1.0" encoding="utf-8"?>
<!--/374899/869330/2.50/2/5/Resistor/-->
<quadcept_library>
  <setting unit="mil" />
  <textstyle name="Default" height="47.244094488189" strokewidth="7.8740157480315" charwidth="47.244094488189" />
  <textstyle name="Dimension" height="19.6850393700787" strokewidth="0" charwidth="19.6850393700787" />
  <textstyle name="H127W0635TH00762" height="50" strokewidth="3" charwidth="25" />
  <textstyle name="H15W15TH02" height="59.0551181102362" strokewidth="7.8740157480315" charwidth="59.0551181102362" />
  <padstyle name="r175_110" surface="True" plated="False" isvia="False" nopaste="False" nomask="True" complex="False" holesize="0">
    <padshape layer="TOP" shape="rectangle" width="43.307086614173" height="68.897637795275" />
    <padshape layer="TOP_SOLDER_MASK" shape="rectangle" width="51.181102362204" height="76.771653543306" />
    <padshape layer="TOP_SOLDER_PASTE" shape="rectangle" width="43.307086614173" height="68.897637795275" />
  </padstyle>
  <footprint name="RESC3116X70N" originx="0" originy="0" pickpointx="0" pickpointy="0">
    <pcbpin number="1" name="1" style="r175_110" originx="-57.086614173228" originy="0" rotation="0" />
    <pcbpin number="2" name="2" style="r175_110" originx="57.086614173228" originy="0" rotation="0" />
    <line layer="TOP_PLACE_BOUND" originx="-88.582677165353" originy="45.275590551181" endx="88.582677165353" endy="45.275590551181" width="1.9685039370079" />
    <line layer="TOP_PLACE_BOUND" originx="88.582677165353" originy="45.275590551181" endx="88.582677165353" endy="-45.275590551181" width="1.9685039370079" />
    <line layer="TOP_PLACE_BOUND" originx="88.582677165353" originy="-45.275590551181" endx="-88.582677165353" endy="-45.275590551181" width="1.9685039370079" />
    <line layer="TOP_PLACE_BOUND" originx="-88.582677165353" originy="-45.275590551181" endx="-88.582677165353" endy="45.275590551181" width="1.9685039370079" />
    <line layer="TOP_ASSEMBLY" originx="-61.496062992125" originy="31.023622047244" endx="61.496062992125" endy="31.023622047244" width="3.9370078740157" />
    <line layer="TOP_ASSEMBLY" originx="61.496062992125" originy="31.023622047244" endx="61.496062992125" endy="-31.023622047244" width="3.9370078740157" />
    <line layer="TOP_ASSEMBLY" originx="61.496062992125" originy="-31.023622047244" endx="-61.496062992125" endy="-31.023622047244" width="3.9370078740157" />
    <line layer="TOP_ASSEMBLY" originx="-61.496062992125" originy="-31.023622047244" endx="-61.496062992125" endy="31.023622047244" width="3.9370078740157" />
    <line layer="TOP_SILKSCREEN" originx="0" originy="27.086614173228" endx="0" endy="-27.086614173228" width="7.8740157480314" />
  </footprint>
  <symbol name="WCR1206-39KFI" originx="0" originy="0">
    <line originx="200" originy="50" endx="500" endy="50" width="0" />
    <line originx="500" originy="-50" endx="500" endy="50" width="0" />
    <line originx="500" originy="-50" endx="200" endy="-50" width="0" />
    <line originx="200" originy="50" endx="200" endy="-50" width="0" />
    <sympin number="1" originx="200" originy="0" rotation="180" length="100" width="7.8740157480315" flipped="False">
      <text name="pinname" originx="0" originy="-10" style="Default" rotation="0" justify="upperleft" flipped="False" hidden="True" data="1" />
      <text name="pindes" originx="0" originy="10" style="Default" rotation="0" justify="lowerleft" flipped="False" hidden="False" data="1" />
    </sympin>
    <sympin number="2" originx="500" originy="0" rotation="0" length="100" width="7.8740157480315" flipped="False">
      <text name="pinname" originx="700" originy="-10" style="Default" rotation="0" justify="upperright" flipped="False" hidden="True" data="2" />
      <text name="pindes" originx="700" originy="10" style="Default" rotation="0" justify="lowerright" flipped="False" hidden="False" data="2" />
    </sympin>
  </symbol>
  <component name="WCR1206-39KFI" designatorprefix="R" height="27.55905511811" footprint="RESC3116X70N">
    <comppin designator="1" sympin="1" pinswap="0" gateswap="0" gate="1" group="1" side="" type="Any" name="1" />
    <comppin designator="2" sympin="2" pinswap="0" gateswap="0" gate="1" group="1" side="" type="Any" name="2" />
    <attached_symbol gate="1" name="WCR1206-39KFI" />
    <pinmap designator="1" footprintpin="1" />
    <pinmap designator="2" footprintpin="2" />
    <text name="Datasheet" originx="0" originy="0" style="Default" rotation="0" justify="" flipped="False" hidden="True" data="http://www.ttelectronicsresistors.com/datasheets/WCR.pdf" />
    <text name="Description" originx="0" originy="0" style="Default" rotation="0" justify="" flipped="False" hidden="True" data="WELWYN - WCR1206-39KFI - RES, THICK FILM, 39K, 1%, 0.25W, 1206" />
    <text name="Manufacturer_Name" originx="0" originy="0" style="Default" rotation="0" justify="" flipped="False" hidden="True" data="TT Electronics" />
    <text name="Manufacturer_Part_Number" originx="550" originy="150" style="Default" rotation="0" justify="left" flipped="False" hidden="False" data="WCR1206-39KFI" />
    <text name="Mouser Part Number" originx="0" originy="0" style="Default" rotation="0" justify="" flipped="False" hidden="True" data="756-WCR1206-39KFI" />
    <text name="Mouser Price/Stock" originx="0" originy="0" style="Default" rotation="0" justify="" flipped="False" hidden="True" data="https://www.mouser.com/Search/Refine.aspx?Keyword=756-WCR1206-39KFI" />
    <text name="Arrow Part Number" originx="0" originy="0" style="Default" rotation="0" justify="" flipped="False" hidden="True" data="" />
    <text name="Arrow Price/Stock" originx="0" originy="0" style="Default" rotation="0" justify="" flipped="False" hidden="True" data="" />
  </component>
</quadcept_library>
