<?xml version="1.0" encoding="utf-8"?>
<!--/244351/869330/2.50/3/4/Resistor/-->
<quadcept_library>
  <setting unit="mil" />
  <textstyle name="Default" height="47.244094488189" strokewidth="7.8740157480315" charwidth="47.244094488189" />
  <textstyle name="Dimension" height="19.6850393700787" strokewidth="0" charwidth="19.6850393700787" />
  <textstyle name="H127W0635TH00762" height="50" strokewidth="3" charwidth="25" />
  <textstyle name="H15W15TH02" height="59.0551181102362" strokewidth="7.8740157480315" charwidth="59.0551181102362" />
  <padstyle name="r210_40" surface="True" plated="False" isvia="False" nopaste="False" nomask="True" complex="False" holesize="0">
    <padshape layer="TOP" shape="rectangle" width="15.748031496063" height="82.67716535433" />
    <padshape layer="TOP_SOLDER_MASK" shape="rectangle" width="23.622047244094" height="90.551181102361" />
    <padshape layer="TOP_SOLDER_PASTE" shape="rectangle" width="15.748031496063" height="82.67716535433" />
  </padstyle>
  <footprint name="CSTCE12M0G55-R0" originx="0" originy="0" pickpointx="0" pickpointy="0">
    <pcbpin number="1" name="1" style="r210_40" originx="-47.244094488188" originy="0" rotation="0" />
    <pcbpin number="2" name="2" style="r210_40" originx="0" originy="0" rotation="0" />
    <pcbpin number="3" name="3" style="r210_40" originx="47.244094488188" originy="0" rotation="0" />
    <line layer="TOP_ASSEMBLY" originx="-62.992125984251" originy="25.590551181102" endx="62.992125984251" endy="25.590551181102" width="9.9999999999999" />
    <line layer="TOP_ASSEMBLY" originx="62.992125984251" originy="25.590551181102" endx="62.992125984251" endy="-25.590551181102" width="9.9999999999999" />
    <line layer="TOP_ASSEMBLY" originx="62.992125984251" originy="-25.590551181102" endx="-62.992125984251" endy="-25.590551181102" width="9.9999999999999" />
    <line layer="TOP_ASSEMBLY" originx="-62.992125984251" originy="-25.590551181102" endx="-62.992125984251" endy="25.590551181102" width="9.9999999999999" />
    <line layer="TOP_SILKSCREEN" originx="-62.992125984251" originy="-25.590551181102" endx="-62.992125984251" endy="25.590551181102" width="9.9999999999999" />
    <line layer="TOP_SILKSCREEN" originx="62.992125984251" originy="25.590551181102" endx="62.992125984251" endy="-25.590551181102" width="9.9999999999999" />
    <arc layer="TOP_SILKSCREEN" originx="-61.377952755905" originy="48.346456692913" startangle="180" sweepangle="180" radius="1.8165354330708" width="9.9999999999999" />
    <arc layer="TOP_SILKSCREEN" originx="-61.377952755905" originy="48.346456692913" startangle="180" sweepangle="-180" radius="1.8165354330708" width="9.9999999999999" />
    <line layer="TOP_SILKSCREEN" originx="-31.771653543307" originy="25.590551181102" endx="-16.850393700787" endy="25.590551181102" width="9.9999999999999" />
    <line layer="TOP_SILKSCREEN" originx="16.417322834645" originy="25.590551181102" endx="31.338582677165" endy="25.590551181102" width="9.9999999999999" />
    <line layer="TOP_SILKSCREEN" originx="-30.826771653543" originy="-25.590551181102" endx="-15.905511811023" endy="-25.590551181102" width="9.9999999999999" />
    <line layer="TOP_SILKSCREEN" originx="16.417322834645" originy="-25.590551181102" endx="31.338582677165" endy="-25.590551181102" width="9.9999999999999" />
  </footprint>
  <symbol name="CSTCE8M00G55-R0" originx="0" originy="0">
    <line originx="200" originy="100" endx="600" endy="100" width="0" />
    <line originx="600" originy="-300" endx="600" endy="100" width="0" />
    <line originx="600" originy="-300" endx="200" endy="-300" width="0" />
    <line originx="200" originy="100" endx="200" endy="-300" width="0" />
    <sympin number="1" originx="200" originy="0" rotation="180" length="100" width="7.8740157480315" flipped="False">
      <text name="pinname" originx="230" originy="0" style="Default" rotation="0" justify="left" flipped="False" hidden="False" data="1" />
      <text name="pindes" originx="140" originy="20" style="Default" rotation="0" justify="lowerright" flipped="False" hidden="False" data="1" />
    </sympin>
    <sympin number="2" originx="200" originy="-100" rotation="180" length="100" width="7.8740157480315" flipped="False">
      <text name="pinname" originx="230" originy="-100" style="Default" rotation="0" justify="left" flipped="False" hidden="False" data="2" />
      <text name="pindes" originx="140" originy="-80" style="Default" rotation="0" justify="lowerright" flipped="False" hidden="False" data="2" />
    </sympin>
    <sympin number="3" originx="200" originy="-200" rotation="180" length="100" width="7.8740157480315" flipped="False">
      <text name="pinname" originx="230" originy="-200" style="Default" rotation="0" justify="left" flipped="False" hidden="False" data="3" />
      <text name="pindes" originx="140" originy="-180" style="Default" rotation="0" justify="lowerright" flipped="False" hidden="False" data="3" />
    </sympin>
  </symbol>
  <component name="CSTCE8M00G55-R0" designatorprefix="R" height="0" footprint="CSTCE12M0G55-R0">
    <comppin designator="1" sympin="1" pinswap="0" gateswap="0" gate="1" group="1" side="" type="Any" name="1" />
    <comppin designator="2" sympin="2" pinswap="0" gateswap="0" gate="1" group="1" side="" type="Any" name="2" />
    <comppin designator="3" sympin="3" pinswap="0" gateswap="0" gate="1" group="1" side="" type="Any" name="3" />
    <attached_symbol gate="1" name="CSTCE8M00G55-R0" />
    <pinmap designator="1" footprintpin="1" />
    <pinmap designator="2" footprintpin="2" />
    <pinmap designator="3" footprintpin="3" />
    <text name="Datasheet" originx="0" originy="0" style="Default" rotation="0" justify="" flipped="False" hidden="True" data="http://www.murata.com/en-eu/api/pdfdownloadapi?cate=&amp;partno=CSTCE8M00G55-R0" />
    <text name="Description" originx="0" originy="0" style="Default" rotation="0" justify="" flipped="False" hidden="True" data="SMT ceramic resonator 8.0MHz CSTCE8M00G55-R0, Ceramic Resonator, 8MHz Fundamental 33pF, 3-Pin Cap Chip, 3.2 x 1.3 x 0.7mm" />
    <text name="Manufacturer_Name" originx="0" originy="0" style="Default" rotation="0" justify="" flipped="False" hidden="True" data="Murata Electronics" />
    <text name="Manufacturer_Part_Number" originx="650" originy="200" style="Default" rotation="0" justify="left" flipped="False" hidden="False" data="CSTCE8M00G55-R0" />
    <text name="Mouser Part Number" originx="0" originy="0" style="Default" rotation="0" justify="" flipped="False" hidden="True" data="81-CSTCE8M00G55-R0" />
    <text name="Mouser Price/Stock" originx="0" originy="0" style="Default" rotation="0" justify="" flipped="False" hidden="True" data="https://www.mouser.co.uk/ProductDetail/Murata-Electronics/CSTCE8M00G55-R0?qs=eoDEeL6nyORcaHhGM345mw%3D%3D" />
    <text name="Arrow Part Number" originx="0" originy="0" style="Default" rotation="0" justify="" flipped="False" hidden="True" data="CSTCE8M00G55-R0" />
    <text name="Arrow Price/Stock" originx="0" originy="0" style="Default" rotation="0" justify="" flipped="False" hidden="True" data="https://www.arrow.com/en/products/cstce8m00g55-r0/murata-manufacturing" />
  </component>
</quadcept_library>
