<?xml version="1.0" encoding="utf-8"?>
<!--/556575/869330/2.50/2/3/Diode ESD (Uni-directional)/-->
<quadcept_library>
  <setting unit="mil" />
  <textstyle name="Default" height="47.244094488189" strokewidth="7.8740157480315" charwidth="47.244094488189" />
  <textstyle name="Dimension" height="19.6850393700787" strokewidth="0" charwidth="19.6850393700787" />
  <textstyle name="H127W0635TH00762" height="50" strokewidth="3" charwidth="25" />
  <textstyle name="H15W15TH02" height="59.0551181102362" strokewidth="7.8740157480315" charwidth="59.0551181102362" />
  <padstyle name="r220_155" surface="True" plated="False" isvia="False" nopaste="False" nomask="True" complex="False" holesize="0">
    <padshape layer="TOP" shape="rectangle" width="61.023622047243" height="86.614173228345" />
    <padshape layer="TOP_SOLDER_MASK" shape="rectangle" width="68.897637795275" height="94.488188976377" />
    <padshape layer="TOP_SOLDER_PASTE" shape="rectangle" width="61.023622047243" height="86.614173228345" />
  </padstyle>
  <footprint name="DIOM5127X229N" originx="0" originy="0" pickpointx="0" pickpointy="0">
    <pcbpin number="1" name="1" style="r220_155" originx="-80.708661417322" originy="0" rotation="90" />
    <pcbpin number="2" name="2" style="r220_155" originx="80.708661417322" originy="0" rotation="90" />
    <line layer="TOP_PLACE_BOUND" originx="-133.85826771653" originy="64.763779527558" endx="133.85826771653" endy="64.763779527558" width="1.9685039370079" />
    <line layer="TOP_PLACE_BOUND" originx="133.85826771653" originy="64.763779527558" endx="133.85826771653" endy="-64.763779527558" width="1.9685039370079" />
    <line layer="TOP_PLACE_BOUND" originx="133.85826771653" originy="-64.763779527558" endx="-133.85826771653" endy="-64.763779527558" width="1.9685039370079" />
    <line layer="TOP_PLACE_BOUND" originx="-133.85826771653" originy="-64.763779527558" endx="-133.85826771653" endy="64.763779527558" width="1.9685039370079" />
    <line layer="TOP_ASSEMBLY" originx="-100.47244094488" originy="52.440944881889" endx="100.47244094488" endy="52.440944881889" width="3.9370078740157" />
    <line layer="TOP_ASSEMBLY" originx="100.47244094488" originy="52.440944881889" endx="100.47244094488" endy="-52.440944881889" width="3.9370078740157" />
    <line layer="TOP_ASSEMBLY" originx="100.47244094488" originy="-52.440944881889" endx="-100.47244094488" endy="-52.440944881889" width="3.9370078740157" />
    <line layer="TOP_ASSEMBLY" originx="-100.47244094488" originy="-52.440944881889" endx="-100.47244094488" endy="52.440944881889" width="3.9370078740157" />
    <line layer="TOP_ASSEMBLY" originx="-100.47244094488" originy="21.968503937008" endx="-69.999999999999" endy="52.440944881889" width="3.9370078740157" />
    <line layer="TOP_SILKSCREEN" originx="100.47244094488" originy="52.440944881889" endx="-111.22047244094" endy="52.440944881889" width="7.8740157480314" />
    <line layer="TOP_SILKSCREEN" originx="-100.47244094488" originy="-52.440944881889" endx="100.47244094488" endy="-52.440944881889" width="7.8740157480314" />
  </footprint>
  <symbol name="SMAJ12A" originx="0" originy="0">
    <line originx="200" originy="0" endx="400" endy="100" width="0" />
    <line originx="400" originy="-100" endx="400" endy="100" width="0" />
    <line originx="400" originy="-100" endx="200" endy="0" width="0" />
    <line originx="200" originy="100" endx="200" endy="-100" width="0" />
    <line originx="100" originy="0" endx="200" endy="0" width="0" />
    <line originx="500" originy="0" endx="400" endy="0" width="0" />
    <line originx="200" originy="-100" endx="260" endy="-100" width="0" />
    <sympin number="1" originx="100" originy="0" rotation="180" length="100" width="7.8740157480315" flipped="False">
      <text name="pinname" originx="140" originy="10" style="Default" rotation="0" justify="left" flipped="False" hidden="True" data="K" />
      <text name="pindes" originx="60" originy="10" style="Default" rotation="0" justify="lowerright" flipped="False" hidden="False" data="1" />
    </sympin>
    <sympin number="2" originx="500" originy="0" rotation="0" length="100" width="7.8740157480315" flipped="False">
      <text name="pinname" originx="460" originy="10" style="Default" rotation="0" justify="right" flipped="False" hidden="True" data="A" />
      <text name="pindes" originx="540" originy="10" style="Default" rotation="0" justify="lowerleft" flipped="False" hidden="False" data="2" />
    </sympin>
  </symbol>
  <component name="SMAJ12A" designatorprefix="D" height="90.15748031496" footprint="DIOM5127X229N">
    <comppin designator="1" sympin="1" pinswap="0" gateswap="0" gate="1" group="1" side="" type="Any" name="K" />
    <comppin designator="2" sympin="2" pinswap="0" gateswap="0" gate="1" group="1" side="" type="Any" name="A" />
    <attached_symbol gate="1" name="SMAJ12A" />
    <pinmap designator="1" footprintpin="1" />
    <pinmap designator="2" footprintpin="2" />
    <text name="Datasheet" originx="0" originy="0" style="Default" rotation="0" justify="" flipped="False" hidden="True" data="https://www.littelfuse.com/~/media/electronics/datasheets/tvs_diodes/littelfuse_tvs_diode_smaj_datasheet.pdf.pdf" />
    <text name="Description" originx="0" originy="0" style="Default" rotation="0" justify="" flipped="False" hidden="True" data="LITTELFUSE - SMAJ12A - TVS Diode, SMAJ1 Series, Unidirectional, 12 V, 19.9 V, DO-214AC (SMA), 2 Pins" />
    <text name="Manufacturer_Name" originx="0" originy="0" style="Default" rotation="0" justify="" flipped="False" hidden="True" data="LITTELFUSE" />
    <text name="Manufacturer_Part_Number" originx="400" originy="250" style="Default" rotation="0" justify="left" flipped="False" hidden="False" data="SMAJ12A" />
    <text name="Mouser Part Number" originx="0" originy="0" style="Default" rotation="0" justify="" flipped="False" hidden="True" data="576-SMAJ12A" />
    <text name="Mouser Price/Stock" originx="0" originy="0" style="Default" rotation="0" justify="" flipped="False" hidden="True" data="https://www.mouser.co.uk/ProductDetail/Littelfuse/SMAJ12A?qs=HR2RnyOI4E63xEASay2NCQ%3D%3D" />
    <text name="Arrow Part Number" originx="0" originy="0" style="Default" rotation="0" justify="" flipped="False" hidden="True" data="SMAJ12A" />
    <text name="Arrow Price/Stock" originx="0" originy="0" style="Default" rotation="0" justify="" flipped="False" hidden="True" data="https://www.arrow.com/en/products/smaj12a/littelfuse?region=nac" />
  </component>
</quadcept_library>
